{
    "prompt_system": "You are a domain expert ...",
    "user_1": "'keywords': ['execution time', 'activity A'], 'question': 'What is the execution time of the activity A?'",
    "user_2": "'keywords': ['bottleneck'], 'question': 'What are the bottlenecks?'",
    "assistant_1": "'execution time' : 'execution time is execution between an activity (in BPI_Challenge_2019 table event_concept_name) and activity that directly follows this one. Time of execution of each activty can be found in event_time_timestamp field.', 'activity A': 'I DO NOT UNDERSTAND. I need explanation what activity A is']}",
    "assistant_2": "{'bottleneck': 'A bottleneck is a point in a process where the flow of work is slowed or stopped because of limited capacity or resources. In BPI_Challenge_2019 bottleneck is the longest duration between two activities (event_concept_name) where time of execution for each of those activities is stored in event_time_timestamp'}"
  }